-- MySQL Script generated by MySQL Workbench
-- Wed Feb 26 17:51:26 2020
-- Model: New Model    Version: 1.0
-- MySQL Workbench Forward Engineering

SET @OLD_UNIQUE_CHECKS=@@UNIQUE_CHECKS, UNIQUE_CHECKS=0;
SET @OLD_FOREIGN_KEY_CHECKS=@@FOREIGN_KEY_CHECKS, FOREIGN_KEY_CHECKS=0;
SET @OLD_SQL_MODE=@@SQL_MODE, SQL_MODE='ONLY_FULL_GROUP_BY,STRICT_TRANS_TABLES,NO_ZERO_IN_DATE,NO_ZERO_DATE,ERROR_FOR_DIVISION_BY_ZERO,NO_ENGINE_SUBSTITUTION';

-- -----------------------------------------------------
-- Schema dml16j
-- -----------------------------------------------------
DROP SCHEMA IF EXISTS `dml16j` ;

-- -----------------------------------------------------
-- Schema dml16j
-- -----------------------------------------------------
CREATE SCHEMA IF NOT EXISTS `dml16j` DEFAULT CHARACTER SET utf8 ;
SHOW WARNINGS;
USE `dml16j` ;

-- -----------------------------------------------------
-- Table `dml16j`.`petstore`
-- -----------------------------------------------------
DROP TABLE IF EXISTS `dml16j`.`petstore` ;

SHOW WARNINGS;
CREATE TABLE IF NOT EXISTS `dml16j`.`petstore` (
  `pst_id` SMALLINT UNSIGNED NOT NULL AUTO_INCREMENT,
  `pst_name` VARCHAR(30) NOT NULL,
  `pst_street` VARCHAR(30) NOT NULL,
  `pst_city` VARCHAR(30) NOT NULL,
  `pst_state` CHAR(2) NOT NULL,
  `pst_zip` INT(9) NOT NULL,
  `pst_phone` BIGINT NOT NULL,
  `pst_email` VARCHAR(100) NOT NULL,
  `pst_url` VARCHAR(100) NOT NULL,
  `pst_ytd_sales` DECIMAL(10,2) NOT NULL,
  `pst_notes` VARCHAR(255) NULL,
  PRIMARY KEY (`pst_id`))
ENGINE = InnoDB;

SHOW WARNINGS;

-- -----------------------------------------------------
-- Table `dml16j`.`customer`
-- -----------------------------------------------------
DROP TABLE IF EXISTS `dml16j`.`customer` ;

SHOW WARNINGS;
CREATE TABLE IF NOT EXISTS `dml16j`.`customer` (
  `cus_id` SMALLINT UNSIGNED NOT NULL AUTO_INCREMENT,
  `cus_fname` VARCHAR(15) NOT NULL,
  `cus_lname` VARCHAR(30) NOT NULL,
  `cus_street` VARCHAR(30) NOT NULL,
  `cus_city` VARCHAR(30) NOT NULL,
  `cus_state` CHAR(2) NOT NULL,
  `cus_zip` INT NOT NULL,
  `cus_phone` BIGINT NOT NULL,
  `cus_email` VARCHAR(100) NOT NULL,
  `cus_balance` DECIMAL(6,2) NOT NULL,
  `cus_total_sales` DECIMAL(6,2) NOT NULL,
  `cus_notes` VARCHAR(255) NULL,
  PRIMARY KEY (`cus_id`))
ENGINE = InnoDB;

SHOW WARNINGS;

-- -----------------------------------------------------
-- Table `dml16j`.`pet`
-- -----------------------------------------------------
DROP TABLE IF EXISTS `dml16j`.`pet` ;

SHOW WARNINGS;
CREATE TABLE IF NOT EXISTS `dml16j`.`pet` (
  `pet_id` SMALLINT UNSIGNED NOT NULL AUTO_INCREMENT,
  `pst_id` SMALLINT UNSIGNED NOT NULL,
  `cus_id` SMALLINT UNSIGNED NULL,
  `pet_type` VARCHAR(45) NOT NULL,
  `pet_sex` ENUM('m', 'f') NOT NULL,
  `pet_cost` DECIMAL(6,2) NOT NULL,
  `pet_price` DECIMAL(6,2) NOT NULL,
  `pet_age` TINYINT NOT NULL,
  `pet_color` VARCHAR(30) NOT NULL,
  `pet_sale_date` DATE NULL,
  `pet_vaccine` ENUM('y', 'n') NOT NULL,
  `pet_neuter` ENUM('y', 'n') NOT NULL,
  `pet_notes` VARCHAR(255) NULL,
  PRIMARY KEY (`pet_id`),
  INDEX `fk_pet_petstore_idx` (`pst_id` ASC) VISIBLE,
  INDEX `fk_pet_customer1_idx` (`cus_id` ASC) VISIBLE,
  CONSTRAINT `fk_pet_petstore`
    FOREIGN KEY (`pst_id`)
    REFERENCES `dml16j`.`petstore` (`pst_id`)
    ON DELETE NO ACTION
    ON UPDATE NO ACTION,
  CONSTRAINT `fk_pet_customer1`
    FOREIGN KEY (`cus_id`)
    REFERENCES `dml16j`.`customer` (`cus_id`)
    ON DELETE NO ACTION
    ON UPDATE NO ACTION)
ENGINE = InnoDB;

SHOW WARNINGS;

SET SQL_MODE=@OLD_SQL_MODE;
SET FOREIGN_KEY_CHECKS=@OLD_FOREIGN_KEY_CHECKS;
SET UNIQUE_CHECKS=@OLD_UNIQUE_CHECKS;

-- -----------------------------------------------------
-- Data for table `dml16j`.`petstore`
-- -----------------------------------------------------
START TRANSACTION;
USE `dml16j`;
INSERT INTO `dml16j`.`petstore` (`pst_id`, `pst_name`, `pst_street`, `pst_city`, `pst_state`, `pst_zip`, `pst_phone`, `pst_email`, `pst_url`, `pst_ytd_sales`, `pst_notes`) VALUES (1, 'Petopia', '252 Streep Street', 'Niceville', 'CA', 37568, 6563339753, 'petca@aol.com', 'petca.com', 1734.00, NULL);
INSERT INTO `dml16j`.`petstore` (`pst_id`, `pst_name`, `pst_street`, `pst_city`, `pst_state`, `pst_zip`, `pst_phone`, `pst_email`, `pst_url`, `pst_ytd_sales`, `pst_notes`) VALUES (2, 'Pet On It', '363 Rocky Road', 'Meantown', 'AZ', 13759, 3452637577, 'petaz@aol.com', 'petaz.com', 2543.78, NULL);
INSERT INTO `dml16j`.`petstore` (`pst_id`, `pst_name`, `pst_street`, `pst_city`, `pst_state`, `pst_zip`, `pst_phone`, `pst_email`, `pst_url`, `pst_ytd_sales`, `pst_notes`) VALUES (3, 'Petsylvania', '492 Eboy Lane', 'Yeeyeeville', 'TX', 75937, 1614737347, 'pettx@gmail.com', 'pettx.com', 3462.88, NULL);
INSERT INTO `dml16j`.`petstore` (`pst_id`, `pst_name`, `pst_street`, `pst_city`, `pst_state`, `pst_zip`, `pst_phone`, `pst_email`, `pst_url`, `pst_ytd_sales`, `pst_notes`) VALUES (4, 'Petal to the Metal', '385 Reno Way', 'Ayyland', 'NJ', 28642, 3562229494, 'petnj@yahoo.com', 'petnj.com', 2362.64, NULL);
INSERT INTO `dml16j`.`petstore` (`pst_id`, `pst_name`, `pst_street`, `pst_city`, `pst_state`, `pst_zip`, `pst_phone`, `pst_email`, `pst_url`, `pst_ytd_sales`, `pst_notes`) VALUES (5, 'Silly Petty', '315 Sickle Drive', 'Finside', 'OK', 72953, 5532721119, 'petok@gmail.com', 'petok.com', 8543.77, NULL);
INSERT INTO `dml16j`.`petstore` (`pst_id`, `pst_name`, `pst_street`, `pst_city`, `pst_state`, `pst_zip`, `pst_phone`, `pst_email`, `pst_url`, `pst_ytd_sales`, `pst_notes`) VALUES (6, 'Furever Yours', '271 East Lake Road', 'Swagview', 'WA', 27473, 2126638344, 'petwa@aol.com', 'petwa.com', 3563.26, NULL);
INSERT INTO `dml16j`.`petstore` (`pst_id`, `pst_name`, `pst_street`, `pst_city`, `pst_state`, `pst_zip`, `pst_phone`, `pst_email`, `pst_url`, `pst_ytd_sales`, `pst_notes`) VALUES (7, 'So Pethetic', '746 Westcreek Drive', 'Gratton', 'TN', 85543, 7792472132, 'pettn@yahoo.com', 'pettn.com', 6543.56, NULL);
INSERT INTO `dml16j`.`petstore` (`pst_id`, `pst_name`, `pst_street`, `pst_city`, `pst_state`, `pst_zip`, `pst_phone`, `pst_email`, `pst_url`, `pst_ytd_sales`, `pst_notes`) VALUES (8, 'Petting Crashers', '594 Epiphone Way', 'Tranquil', 'SC', 44753, 4048428320, 'petsc@aol.com', 'petsc.com', 3432.21, NULL);
INSERT INTO `dml16j`.`petstore` (`pst_id`, `pst_name`, `pst_street`, `pst_city`, `pst_state`, `pst_zip`, `pst_phone`, `pst_email`, `pst_url`, `pst_ytd_sales`, `pst_notes`) VALUES (9, 'Pet Stains', '134 Silicon Road', 'Kester', 'NC', 93357, 3062852244, 'petnc@gmail.com', 'petnc.com', 6459.74, NULL);
INSERT INTO `dml16j`.`petstore` (`pst_id`, `pst_name`, `pst_street`, `pst_city`, `pst_state`, `pst_zip`, `pst_phone`, `pst_email`, `pst_url`, `pst_ytd_sales`, `pst_notes`) VALUES (10, 'Pettysburg Address', '924 Wheelie Way', 'Pelleton', 'GA', 37456, 9392557456, 'petga@yahoo.com', 'petga.com', 2345.87, NULL);

COMMIT;


-- -----------------------------------------------------
-- Data for table `dml16j`.`customer`
-- -----------------------------------------------------
START TRANSACTION;
USE `dml16j`;
INSERT INTO `dml16j`.`customer` (`cus_id`, `cus_fname`, `cus_lname`, `cus_street`, `cus_city`, `cus_state`, `cus_zip`, `cus_phone`, `cus_email`, `cus_balance`, `cus_total_sales`, `cus_notes`) VALUES (1, 'John', 'Lindsey', '476 East Side Road', 'Tallahassee', 'FL', 83345, 6372744274, 'jlindsey@yahoo.com', 3023.53, 256.11, NULL);
INSERT INTO `dml16j`.`customer` (`cus_id`, `cus_fname`, `cus_lname`, `cus_street`, `cus_city`, `cus_state`, `cus_zip`, `cus_phone`, `cus_email`, `cus_balance`, `cus_total_sales`, `cus_notes`) VALUES (2, 'Frank', 'Collins', '555 Some Way', 'Tampa', 'FL', 46837, 2832855729, 'fcollins@yahoo.com', 8803.13, 222.75, NULL);
INSERT INTO `dml16j`.`customer` (`cus_id`, `cus_fname`, `cus_lname`, `cus_street`, `cus_city`, `cus_state`, `cus_zip`, `cus_phone`, `cus_email`, `cus_balance`, `cus_total_sales`, `cus_notes`) VALUES (3, 'Michael', 'Kiernan', '191 Serenity Drive', 'Boston', 'MA', 19738, 6282535266, 'mkiernan@aol.com', 7488.00, 141.76, NULL);
INSERT INTO `dml16j`.`customer` (`cus_id`, `cus_fname`, `cus_lname`, `cus_street`, `cus_city`, `cus_state`, `cus_zip`, `cus_phone`, `cus_email`, `cus_balance`, `cus_total_sales`, `cus_notes`) VALUES (4, 'Gary', 'Logan', '394 Sally Street', 'Forks', 'ND', 57395, 3352631746, 'glogan@gmail.com', 1353.55, 74.85, NULL);
INSERT INTO `dml16j`.`customer` (`cus_id`, `cus_fname`, `cus_lname`, `cus_street`, `cus_city`, `cus_state`, `cus_zip`, `cus_phone`, `cus_email`, `cus_balance`, `cus_total_sales`, `cus_notes`) VALUES (5, 'Steve', 'Sampson', '683 Westridge Way', 'Cincinnatti', 'OH', 74857, 1005059933, 'ssampson@hotmail.com', 3223.75, 244.21, NULL);
INSERT INTO `dml16j`.`customer` (`cus_id`, `cus_fname`, `cus_lname`, `cus_street`, `cus_city`, `cus_state`, `cus_zip`, `cus_phone`, `cus_email`, `cus_balance`, `cus_total_sales`, `cus_notes`) VALUES (6, 'James', 'Vanity', '922 Lakin Drive', 'Charleston', 'SC', 96746, 2622728655, 'jvanity@aol.com', 2684.65, 83.34, NULL);
INSERT INTO `dml16j`.`customer` (`cus_id`, `cus_fname`, `cus_lname`, `cus_street`, `cus_city`, `cus_state`, `cus_zip`, `cus_phone`, `cus_email`, `cus_balance`, `cus_total_sales`, `cus_notes`) VALUES (7, 'Rebecca', 'Mars', '339 Siston Road', 'Ada', 'NC', 64859, 6347218413, 'rmars@gmail.com', 9332.34, 94.20, NULL);
INSERT INTO `dml16j`.`customer` (`cus_id`, `cus_fname`, `cus_lname`, `cus_street`, `cus_city`, `cus_state`, `cus_zip`, `cus_phone`, `cus_email`, `cus_balance`, `cus_total_sales`, `cus_notes`) VALUES (8, 'Taylor', 'Smith', '298 Oregano Road', 'Savannah', 'GA', 38563, 2684664277, 'tsmith@aol.com', 4865.79, 63.78, NULL);
INSERT INTO `dml16j`.`customer` (`cus_id`, `cus_fname`, `cus_lname`, `cus_street`, `cus_city`, `cus_state`, `cus_zip`, `cus_phone`, `cus_email`, `cus_balance`, `cus_total_sales`, `cus_notes`) VALUES (9, 'Jack', 'Long', '838 Rebel Street', 'Jackson', 'GA', 38632, 3416347732, 'jlong@yahoo.com', 5033.06, 25.97, NULL);
INSERT INTO `dml16j`.`customer` (`cus_id`, `cus_fname`, `cus_lname`, `cus_street`, `cus_city`, `cus_state`, `cus_zip`, `cus_phone`, `cus_email`, `cus_balance`, `cus_total_sales`, `cus_notes`) VALUES (10, 'Brannon', 'Cole', '745 Wayne Lane', 'Stockbridge', 'GA', 39344, 5352217443, 'bcole@hotmail.com', 6223.86, 38.56, NULL);

COMMIT;


-- -----------------------------------------------------
-- Data for table `dml16j`.`pet`
-- -----------------------------------------------------
START TRANSACTION;
USE `dml16j`;
INSERT INTO `dml16j`.`pet` (`pet_id`, `pst_id`, `cus_id`, `pet_type`, `pet_sex`, `pet_cost`, `pet_price`, `pet_age`, `pet_color`, `pet_sale_date`, `pet_vaccine`, `pet_neuter`, `pet_notes`) VALUES (1, 10, 1, 'Hamster', 'M', 20.00, 20.00, 2, 'Orange', '2008-9-18', 'y', 'n', NULL);
INSERT INTO `dml16j`.`pet` (`pet_id`, `pst_id`, `cus_id`, `pet_type`, `pet_sex`, `pet_cost`, `pet_price`, `pet_age`, `pet_color`, `pet_sale_date`, `pet_vaccine`, `pet_neuter`, `pet_notes`) VALUES (2, 5, 2, 'Lizard', 'F', 15.00, 15.00, 5, 'Green', '2005-7-19', 'n', 'n', NULL);
INSERT INTO `dml16j`.`pet` (`pet_id`, `pst_id`, `cus_id`, `pet_type`, `pet_sex`, `pet_cost`, `pet_price`, `pet_age`, `pet_color`, `pet_sale_date`, `pet_vaccine`, `pet_neuter`, `pet_notes`) VALUES (3, 3, 3, 'Guinea Pig', 'M', 25.00, 25.00, 3, 'Black', '2006-3-15', 'y', 'y', NULL);
INSERT INTO `dml16j`.`pet` (`pet_id`, `pst_id`, `cus_id`, `pet_type`, `pet_sex`, `pet_cost`, `pet_price`, `pet_age`, `pet_color`, `pet_sale_date`, `pet_vaccine`, `pet_neuter`, `pet_notes`) VALUES (4, 9, 4, 'Dog', 'M', 125.00, 125.00, 8, 'Brown', '2011-5-11', 'y', 'n', NULL);
INSERT INTO `dml16j`.`pet` (`pet_id`, `pst_id`, `cus_id`, `pet_type`, `pet_sex`, `pet_cost`, `pet_price`, `pet_age`, `pet_color`, `pet_sale_date`, `pet_vaccine`, `pet_neuter`, `pet_notes`) VALUES (5, 6, 5, 'Turtle', 'F', 35.00, 35.00, 4, 'Green', '2012-2-15', 'y', 'y', NULL);
INSERT INTO `dml16j`.`pet` (`pet_id`, `pst_id`, `cus_id`, `pet_type`, `pet_sex`, `pet_cost`, `pet_price`, `pet_age`, `pet_color`, `pet_sale_date`, `pet_vaccine`, `pet_neuter`, `pet_notes`) VALUES (6, 3, 6, 'Cat', 'M', 95.00, 95.00, 6, 'White', '2009-11-25', 'n', 'y', NULL);
INSERT INTO `dml16j`.`pet` (`pet_id`, `pst_id`, `cus_id`, `pet_type`, `pet_sex`, `pet_cost`, `pet_price`, `pet_age`, `pet_color`, `pet_sale_date`, `pet_vaccine`, `pet_neuter`, `pet_notes`) VALUES (7, 5, 7, 'Fish', 'F', 10.00, 10.00, 9, 'Yellow', '2011-4-17', 'n', 'n', NULL);
INSERT INTO `dml16j`.`pet` (`pet_id`, `pst_id`, `cus_id`, `pet_type`, `pet_sex`, `pet_cost`, `pet_price`, `pet_age`, `pet_color`, `pet_sale_date`, `pet_vaccine`, `pet_neuter`, `pet_notes`) VALUES (8, 8, 8, 'Dog', 'F', 115.00, 115.00, 1, 'Yellow', '2019-5-20', 'y', 'y', NULL);
INSERT INTO `dml16j`.`pet` (`pet_id`, `pst_id`, `cus_id`, `pet_type`, `pet_sex`, `pet_cost`, `pet_price`, `pet_age`, `pet_color`, `pet_sale_date`, `pet_vaccine`, `pet_neuter`, `pet_notes`) VALUES (9, 2, 9, 'Cat', 'F', 75.00, 75.00, 2, 'Black', '2015-6-13', 'n', 'n', NULL);
INSERT INTO `dml16j`.`pet` (`pet_id`, `pst_id`, `cus_id`, `pet_type`, `pet_sex`, `pet_cost`, `pet_price`, `pet_age`, `pet_color`, `pet_sale_date`, `pet_vaccine`, `pet_neuter`, `pet_notes`) VALUES (10, 1, 10, 'Iguana', 'M', 65.99, 65.99, 8, 'Green', '2014-7-28', 'y', 'n', NULL);

COMMIT;

